{
  "diagnostic_scalars": {
    "divergence_b_l2": 0.0,
    "divergence_u_l2": 0.0,
    "eigenvalue_imag": -0.9213295502754225,
    "eigenvalue_real": -0.08237830670346241,
    "growth_rate": -0.08237830670346241,
    "kinetic_energy": 0.10949379363058333,
    "magnetic_bc": "conducting",
    "magnetic_energy": 0.3905062063694167,
    "maxwell_stress_xy": -2.7508648696043416e-14,
    "total_energy": 0.5
  },
  "problem_id": "pcf_mhd_conducting_v1",
  "schema_version": 1,
  "spec_hash": "e1f306bc6e4cda68b08219b01f878219208b140ff12190b89500ea9702c1049f",
  "time": 0.01
}
