{
  "diagnostic_scalars": {
    "divergence_b_l2": 0.0,
    "eigenvalue_imag": 1.0166707854400283e-15,
    "eigenvalue_real": 0.2562860457534498,
    "growth_rate": 0.2562860457534498,
    "kinetic_energy": 0.3604330156096868,
    "magnetic_bc": "conducting",
    "magnetic_energy": 0.6395669843903131,
    "total_energy": 1.0
  },
  "problem_id": "taylor_couette_mhd_conducting_v1",
  "schema_version": 1,
  "spec_hash": "781a00329c253325a6493cc65347b0c3ea9caf14ddf73aecf261a1e48883b711",
  "time": 0.01
}
